{"cameraMode":{"drawMode":0,"name":"Shaded","section":"Shading Mode"},"sceneLighting":false,"audioPlay":false,"sceneViewState":{"showFog":true,"showMaterialUpdate":false,"showSkybox":true,"showFlares":true,"showImageEffects":true,"showParticleSystems":true},"in2DMode":false,"pivot":{"x":809.8944091796875,"y":443.0799865722656,"z":2128.53076171875},"rotation":{"x":0.005883531179279089,"y":0.6864321231842041,"z":0.005571947433054447,"w":-0.7271600961685181},"size":1.5099862813949586,"orthographic":false}